accession,action,fields,message
PKBDS0436OODC,patch,"cell_type,de_comparison_class,de_contrast,de_method","would patch; set cell_type,de_comparison_class,de_contrast,de_method"
PKBDS6307TWKC,patch,"cell_type,de_comparison_class,de_method,de_trait,de_trait_description","would patch; set cell_type,de_comparison_class,de_method,de_trait,de_trait_description"
PKBDS3345JRYI,patch,"cell_type,de_comparison_class,de_method,de_trait","would patch; set cell_type,de_comparison_class,de_method,de_trait"
PKBDS5280VFEP,patch,"cell_type,de_comparison_class,de_contrast,de_method","would patch; set cell_type,de_comparison_class,de_contrast,de_method"
PKBDS4366CMTP,patch,"cell_type,de_comparison_class,de_method,de_trait,de_trait_description","would patch; set cell_type,de_comparison_class,de_method,de_trait,de_trait_description"
PKBDS2615YOIT,patch,"cell_type,de_comparison_class,de_method,de_trait,de_trait_description","would patch; set cell_type,de_comparison_class,de_method,de_trait,de_trait_description"
PKBDS5253CNDS,patch,"cell_type,de_comparison_class,de_contrast,de_method","would patch; set cell_type,de_comparison_class,de_contrast,de_method"
PKBDS4742PQEH,patch,"cell_type,de_comparison_class,de_method,de_trait,de_trait_description","would patch; set cell_type,de_comparison_class,de_method,de_trait,de_trait_description"
PKBDS7173QEHP,patch,"cell_type,de_comparison_class,de_method,de_trait,de_trait_description","would patch; set cell_type,de_comparison_class,de_method,de_trait,de_trait_description"
PKBDS3160CYTA,patch,"cell_type,de_comparison_class,de_contrast,de_method","would patch; set cell_type,de_comparison_class,de_contrast,de_method"
PKBDS5292QHYM,patch,"cell_type,de_comparison_class,de_method,de_trait,de_trait_description","would patch; set cell_type,de_comparison_class,de_method,de_trait,de_trait_description"
PKBDS3910JXPO,patch,"cell_type,de_comparison_class,de_method,de_trait,de_trait_description","would patch; set cell_type,de_comparison_class,de_method,de_trait,de_trait_description"
PKBDS1045ATLQ,patch,"cell_type,de_comparison_class,de_method,de_trait,de_trait_description","would patch; set cell_type,de_comparison_class,de_method,de_trait,de_trait_description"
PKBDS2211GHUN,patch,"cell_type,de_comparison_class,de_contrast,de_method","would patch; set cell_type,de_comparison_class,de_contrast,de_method"
PKBDS1618LBHU,patch,"cell_type,de_comparison_class,de_contrast,de_method","would patch; set cell_type,de_comparison_class,de_contrast,de_method"
PKBDS3432QMYY,patch,"cell_type,de_comparison_class,de_method,de_trait,de_trait_description","would patch; set cell_type,de_comparison_class,de_method,de_trait,de_trait_description"
PKBDS2553ZNMT,patch,"cell_type,de_comparison_class,de_method,de_trait","would patch; set cell_type,de_comparison_class,de_method,de_trait"
PKBDS8450WAPL,patch,"cell_type,de_comparison_class,de_method,de_trait,de_trait_description","would patch; set cell_type,de_comparison_class,de_method,de_trait,de_trait_description"
PKBDS5057ZKYJ,patch,"cell_type,de_comparison_class,de_method,de_trait,de_trait_description","would patch; set cell_type,de_comparison_class,de_method,de_trait,de_trait_description"
PKBDS8333ORXH,patch,"cell_type,de_comparison_class,de_method,de_trait,de_trait_description","would patch; set cell_type,de_comparison_class,de_method,de_trait,de_trait_description"
PKBDS0924XHGJ,patch,"cell_type,de_comparison_class,de_method,de_trait,de_trait_description","would patch; set cell_type,de_comparison_class,de_method,de_trait,de_trait_description"
PKBDS7535UYTZ,patch,"cell_type,de_comparison_class,de_method,de_trait","would patch; set cell_type,de_comparison_class,de_method,de_trait"
PKBDS8149NVSF,patch,"cell_type,de_comparison_class,de_method,de_trait,de_trait_description","would patch; set cell_type,de_comparison_class,de_method,de_trait,de_trait_description"
PKBDS6344FHQZ,patch,"cell_type,de_comparison_class,de_method,de_trait,de_trait_description","would patch; set cell_type,de_comparison_class,de_method,de_trait,de_trait_description"
PKBDS1717HXPC,patch,"cell_type,de_comparison_class,de_method,de_trait,de_trait_description","would patch; set cell_type,de_comparison_class,de_method,de_trait,de_trait_description"
PKBDS0086MJHU,patch,"cell_type,de_comparison_class,de_method,de_trait","would patch; set cell_type,de_comparison_class,de_method,de_trait"
PKBDS6546QXNN,patch,"cell_type,de_comparison_class,de_method,de_trait,de_trait_description","would patch; set cell_type,de_comparison_class,de_method,de_trait,de_trait_description"
PKBDS3910XSQC,patch,"cell_type,de_comparison_class,de_method,de_trait,de_trait_description","would patch; set cell_type,de_comparison_class,de_method,de_trait,de_trait_description"
PKBDS4637TUZL,patch,"cell_type,de_comparison_class,de_method,de_trait,de_trait_description","would patch; set cell_type,de_comparison_class,de_method,de_trait,de_trait_description"
PKBDS9648OCZQ,patch,"cell_type,de_comparison_class,de_method,de_trait,de_trait_description","would patch; set cell_type,de_comparison_class,de_method,de_trait,de_trait_description"
PKBDS6440YPTD,patch,"cell_type,de_comparison_class,de_method,de_trait,de_trait_description","would patch; set cell_type,de_comparison_class,de_method,de_trait,de_trait_description"
PKBDS3290JQQT,patch,"cell_type,de_comparison_class,de_method,de_trait","would patch; set cell_type,de_comparison_class,de_method,de_trait"
PKBDS0454XQOG,patch,"cell_type,de_comparison_class,de_method,de_trait,de_trait_description","would patch; set cell_type,de_comparison_class,de_method,de_trait,de_trait_description"
PKBDS2887CWGC,patch,"cell_type,de_comparison_class,de_method,de_trait,de_trait_description","would patch; set cell_type,de_comparison_class,de_method,de_trait,de_trait_description"
PKBDS6668USVQ,patch,"cell_type,de_comparison_class,de_method,de_trait,de_trait_description","would patch; set cell_type,de_comparison_class,de_method,de_trait,de_trait_description"
PKBDS4127JFHO,patch,"cell_type,de_comparison_class,de_method,de_trait,de_trait_description","would patch; set cell_type,de_comparison_class,de_method,de_trait,de_trait_description"
PKBDS6822XXXG,patch,"cell_type,de_comparison_class,de_contrast,de_method","would patch; set cell_type,de_comparison_class,de_contrast,de_method"
PKBDS3393RTJP,patch,"cell_type,de_comparison_class,de_method,de_trait,de_trait_description","would patch; set cell_type,de_comparison_class,de_method,de_trait,de_trait_description"
PKBDS9898MKQX,patch,"cell_type,de_comparison_class,de_method,de_trait,de_trait_description","would patch; set cell_type,de_comparison_class,de_method,de_trait,de_trait_description"
PKBDS3957PJRP,patch,"cell_type,de_comparison_class,de_method,de_trait,de_trait_description","would patch; set cell_type,de_comparison_class,de_method,de_trait,de_trait_description"
PKBDS5201VFAS,patch,"cell_type,de_comparison_class,de_method,de_trait,de_trait_description","would patch; set cell_type,de_comparison_class,de_method,de_trait,de_trait_description"
PKBDS9510DDYC,patch,"cell_type,de_comparison_class,de_contrast,de_method","would patch; set cell_type,de_comparison_class,de_contrast,de_method"
PKBDS6341FPIW,patch,"cell_type,de_comparison_class,de_method,de_trait","would patch; set cell_type,de_comparison_class,de_method,de_trait"
PKBDS3308ZQSU,patch,"cell_type,de_comparison_class,de_contrast,de_method","would patch; set cell_type,de_comparison_class,de_contrast,de_method"
PKBDS8773PETL,patch,"cell_type,de_comparison_class,de_method,de_trait,de_trait_description","would patch; set cell_type,de_comparison_class,de_method,de_trait,de_trait_description"
PKBDS1324EELF,patch,"cell_type,de_comparison_class,de_method,de_trait,de_trait_description","would patch; set cell_type,de_comparison_class,de_method,de_trait,de_trait_description"
PKBDS2068AKJH,patch,"cell_type,de_comparison_class,de_contrast,de_method","would patch; set cell_type,de_comparison_class,de_contrast,de_method"
PKBDS7677ZWMU,skip,,"annotation_type is None, expected differential_expression"
PKBDS5947GXMJ,patch,"cell_type,de_comparison_class,de_method,de_trait,de_trait_description","would patch; set cell_type,de_comparison_class,de_method,de_trait,de_trait_description"
PKBDS6627OAMU,patch,"cell_type,de_comparison_class,de_contrast,de_method","would patch; set cell_type,de_comparison_class,de_contrast,de_method"
PKBDS6817LJDB,patch,"cell_type,de_comparison_class,de_method,de_trait,de_trait_description","would patch; set cell_type,de_comparison_class,de_method,de_trait,de_trait_description"
PKBDS4881NIVT,patch,"cell_type,de_comparison_class,de_method,de_trait","would patch; set cell_type,de_comparison_class,de_method,de_trait"
PKBDS2093ZRZK,patch,"cell_type,de_comparison_class,de_contrast,de_method","would patch; set cell_type,de_comparison_class,de_contrast,de_method"
PKBDS2272QKWV,patch,"cell_type,de_comparison_class,de_method,de_trait,de_trait_description","would patch; set cell_type,de_comparison_class,de_method,de_trait,de_trait_description"
PKBDS9949UOPV,error,,"GET /analysis-sets/PKBDS9949UOPV/ failed: 403 {""@type"": [""HTTPForbidden"", ""Error""], ""status"": ""error"", ""code"": 403, ""title"": ""Forbidden"", ""description"": ""Access was denied to this resource."", ""detail"": ""Unauthorized: item_view failed permission check""}"
PKBDS4495ZYUS,patch,"cell_type,de_comparison_class,de_method,de_trait,de_trait_description","would patch; set cell_type,de_comparison_class,de_method,de_trait,de_trait_description"
PKBDS7331NQZI,patch,"cell_type,de_comparison_class,de_method,de_trait,de_trait_description","would patch; set cell_type,de_comparison_class,de_method,de_trait,de_trait_description"
PKBDS1648MBOE,patch,"cell_type,de_comparison_class,de_method,de_trait,de_trait_description","would patch; set cell_type,de_comparison_class,de_method,de_trait,de_trait_description"
PKBDS5932IQVD,patch,"cell_type,de_comparison_class,de_method,de_trait","would patch; set cell_type,de_comparison_class,de_method,de_trait"
PKBDS9326JZJC,patch,"cell_type,de_comparison_class,de_method,de_trait,de_trait_description","would patch; set cell_type,de_comparison_class,de_method,de_trait,de_trait_description"
PKBDS4101CUXX,patch,"cell_type,de_comparison_class,de_contrast,de_method","would patch; set cell_type,de_comparison_class,de_contrast,de_method"
PKBDS2005QXMB,patch,"cell_type,de_comparison_class,de_contrast,de_method","would patch; set cell_type,de_comparison_class,de_contrast,de_method"
PKBDS6646VEMO,patch,"cell_type,de_comparison_class,de_method,de_trait,de_trait_description","would patch; set cell_type,de_comparison_class,de_method,de_trait,de_trait_description"
PKBDS1565CFJI,patch,"cell_type,de_comparison_class,de_method,de_trait,de_trait_description","would patch; set cell_type,de_comparison_class,de_method,de_trait,de_trait_description"
PKBDS2677PUVA,patch,"cell_type,de_comparison_class,de_method,de_trait,de_trait_description","would patch; set cell_type,de_comparison_class,de_method,de_trait,de_trait_description"
PKBDS0122LQXL,patch,"cell_type,de_comparison_class,de_method,de_trait","would patch; set cell_type,de_comparison_class,de_method,de_trait"
PKBDS4002YIPQ,error,,"GET /analysis-sets/PKBDS4002YIPQ/ failed: 403 {""@type"": [""HTTPForbidden"", ""Error""], ""status"": ""error"", ""code"": 403, ""title"": ""Forbidden"", ""description"": ""Access was denied to this resource."", ""detail"": ""Unauthorized: item_view failed permission check""}"
PKBDS7043WBVS,patch,"cell_type,de_comparison_class,de_contrast,de_method","would patch; set cell_type,de_comparison_class,de_contrast,de_method"
PKBDS8488AZGB,patch,"cell_type,de_comparison_class,de_method,de_trait,de_trait_description","would patch; set cell_type,de_comparison_class,de_method,de_trait,de_trait_description"
PKBDS0648QLLU,patch,"cell_type,de_comparison_class,de_method,de_trait,de_trait_description","would patch; set cell_type,de_comparison_class,de_method,de_trait,de_trait_description"
PKBDS2831QNRG,patch,"cell_type,de_comparison_class,de_method,de_trait","would patch; set cell_type,de_comparison_class,de_method,de_trait"
PKBDS3376ZHED,error,,"GET /analysis-sets/PKBDS3376ZHED/ failed: 403 {""@type"": [""HTTPForbidden"", ""Error""], ""status"": ""error"", ""code"": 403, ""title"": ""Forbidden"", ""description"": ""Access was denied to this resource."", ""detail"": ""Unauthorized: item_view failed permission check""}"
PKBDS1218GCRD,patch,"cell_type,de_comparison_class,de_method,de_trait,de_trait_description","would patch; set cell_type,de_comparison_class,de_method,de_trait,de_trait_description"
PKBDS2150UMYY,patch,"cell_type,de_comparison_class,de_method,de_trait","would patch; set cell_type,de_comparison_class,de_method,de_trait"
PKBDS3569SVYK,patch,"cell_type,de_comparison_class,de_method,de_trait,de_trait_description","would patch; set cell_type,de_comparison_class,de_method,de_trait,de_trait_description"
PKBDS3731QNHB,skip,,"annotation_type is None, expected differential_expression"
PKBDS6678BOQI,patch,"cell_type,de_comparison_class,de_method,de_trait,de_trait_description","would patch; set cell_type,de_comparison_class,de_method,de_trait,de_trait_description"
PKBDS8602OJFS,patch,"cell_type,de_comparison_class,de_method,de_trait","would patch; set cell_type,de_comparison_class,de_method,de_trait"
PKBDS5788ZNLG,patch,"cell_type,de_comparison_class,de_contrast,de_method","would patch; set cell_type,de_comparison_class,de_contrast,de_method"
PKBDS2781NCNK,patch,"cell_type,de_comparison_class,de_method,de_trait,de_trait_description","would patch; set cell_type,de_comparison_class,de_method,de_trait,de_trait_description"
PKBDS7623KQJY,patch,"cell_type,de_comparison_class,de_method,de_trait,de_trait_description","would patch; set cell_type,de_comparison_class,de_method,de_trait,de_trait_description"
PKBDS9691VGPA,patch,"cell_type,de_comparison_class,de_method,de_trait,de_trait_description","would patch; set cell_type,de_comparison_class,de_method,de_trait,de_trait_description"
PKBDS4513ECQH,patch,"cell_type,de_comparison_class,de_method,de_trait,de_trait_description","would patch; set cell_type,de_comparison_class,de_method,de_trait,de_trait_description"
PKBDS5475MOOW,patch,"cell_type,de_comparison_class,de_method,de_trait,de_trait_description","would patch; set cell_type,de_comparison_class,de_method,de_trait,de_trait_description"
PKBDS4105GDTR,patch,"cell_type,de_comparison_class,de_method,de_trait","would patch; set cell_type,de_comparison_class,de_method,de_trait"
PKBDS6784ZAZL,patch,"cell_type,de_comparison_class,de_method,de_trait","would patch; set cell_type,de_comparison_class,de_method,de_trait"
PKBDS7707ZDUB,patch,"cell_type,de_comparison_class,de_method,de_trait,de_trait_description","would patch; set cell_type,de_comparison_class,de_method,de_trait,de_trait_description"
PKBDS2313NFFL,patch,"cell_type,de_comparison_class,de_method,de_trait,de_trait_description","would patch; set cell_type,de_comparison_class,de_method,de_trait,de_trait_description"
PKBDS9710GMZR,patch,"cell_type,de_comparison_class,de_method,de_trait,de_trait_description","would patch; set cell_type,de_comparison_class,de_method,de_trait,de_trait_description"
PKBDS0961LWKK,patch,"cell_type,de_comparison_class,de_method,de_trait","would patch; set cell_type,de_comparison_class,de_method,de_trait"
PKBDS5791UMIU,patch,"cell_type,de_comparison_class,de_method,de_trait","would patch; set cell_type,de_comparison_class,de_method,de_trait"
PKBDS1505SRBP,patch,"cell_type,de_comparison_class,de_method,de_trait,de_trait_description","would patch; set cell_type,de_comparison_class,de_method,de_trait,de_trait_description"
PKBDS8306ZKLD,patch,"cell_type,de_comparison_class,de_method,de_trait,de_trait_description","would patch; set cell_type,de_comparison_class,de_method,de_trait,de_trait_description"
PKBDS4311XHYW,patch,"cell_type,de_comparison_class,de_method,de_trait","would patch; set cell_type,de_comparison_class,de_method,de_trait"
PKBDS9487EPGN,patch,"cell_type,de_comparison_class,de_method,de_trait,de_trait_description","would patch; set cell_type,de_comparison_class,de_method,de_trait,de_trait_description"
PKBDS8324NOLO,patch,"cell_type,de_comparison_class,de_method,de_trait,de_trait_description","would patch; set cell_type,de_comparison_class,de_method,de_trait,de_trait_description"
PKBDS6123PDFB,patch,"cell_type,de_comparison_class,de_method,de_trait,de_trait_description","would patch; set cell_type,de_comparison_class,de_method,de_trait,de_trait_description"
PKBDS4961CFKP,patch,"cell_type,de_comparison_class,de_method,de_trait,de_trait_description","would patch; set cell_type,de_comparison_class,de_method,de_trait,de_trait_description"
PKBDS5010VHPR,patch,"cell_type,de_comparison_class,de_method,de_trait,de_trait_description","would patch; set cell_type,de_comparison_class,de_method,de_trait,de_trait_description"
PKBDS5153XMJI,patch,"cell_type,de_comparison_class,de_method,de_trait,de_trait_description","would patch; set cell_type,de_comparison_class,de_method,de_trait,de_trait_description"
PKBDS7337SOCX,patch,"cell_type,de_comparison_class,de_method,de_trait,de_trait_description","would patch; set cell_type,de_comparison_class,de_method,de_trait,de_trait_description"
PKBDS8736AXCH,patch,"cell_type,de_comparison_class,de_contrast,de_method","would patch; set cell_type,de_comparison_class,de_contrast,de_method"
PKBDS4288JMOO,patch,"cell_type,de_comparison_class,de_method,de_trait,de_trait_description","would patch; set cell_type,de_comparison_class,de_method,de_trait,de_trait_description"
PKBDS5746PGKI,patch,"cell_type,de_comparison_class,de_contrast,de_method","would patch; set cell_type,de_comparison_class,de_contrast,de_method"
PKBDS9087XNXB,patch,"cell_type,de_comparison_class,de_method,de_trait,de_trait_description","would patch; set cell_type,de_comparison_class,de_method,de_trait,de_trait_description"
PKBDS1544CBYB,error,,"GET /analysis-sets/PKBDS1544CBYB/ failed: 403 {""@type"": [""HTTPForbidden"", ""Error""], ""status"": ""error"", ""code"": 403, ""title"": ""Forbidden"", ""description"": ""Access was denied to this resource."", ""detail"": ""Unauthorized: item_view failed permission check""}"
PKBDS3029EKAK,patch,"cell_type,de_comparison_class,de_method,de_trait,de_trait_description","would patch; set cell_type,de_comparison_class,de_method,de_trait,de_trait_description"
PKBDS1744BMIK,patch,"cell_type,de_comparison_class,de_method,de_trait","would patch; set cell_type,de_comparison_class,de_method,de_trait"
PKBDS1995TDTW,error,,"GET /analysis-sets/PKBDS1995TDTW/ failed: 403 {""@type"": [""HTTPForbidden"", ""Error""], ""status"": ""error"", ""code"": 403, ""title"": ""Forbidden"", ""description"": ""Access was denied to this resource."", ""detail"": ""Unauthorized: item_view failed permission check""}"
PKBDS1693ZDDU,patch,"cell_type,de_comparison_class,de_method,de_trait,de_trait_description","would patch; set cell_type,de_comparison_class,de_method,de_trait,de_trait_description"
PKBDS5740WQAX,patch,"cell_type,de_comparison_class,de_method,de_trait,de_trait_description","would patch; set cell_type,de_comparison_class,de_method,de_trait,de_trait_description"
PKBDS8115XAQM,patch,"cell_type,de_comparison_class,de_method,de_trait","would patch; set cell_type,de_comparison_class,de_method,de_trait"
PKBDS2521WIQC,patch,"cell_type,de_comparison_class,de_contrast,de_method","would patch; set cell_type,de_comparison_class,de_contrast,de_method"
PKBDS3800CNFK,patch,"cell_type,de_comparison_class,de_contrast,de_method","would patch; set cell_type,de_comparison_class,de_contrast,de_method"
PKBDS8574UIBC,patch,"cell_type,de_comparison_class,de_method,de_trait,de_trait_description","would patch; set cell_type,de_comparison_class,de_method,de_trait,de_trait_description"
PKBDS4455XTSO,patch,"cell_type,de_comparison_class,de_method,de_trait","would patch; set cell_type,de_comparison_class,de_method,de_trait"
PKBDS8411TUMG,patch,"cell_type,de_comparison_class,de_method,de_trait","would patch; set cell_type,de_comparison_class,de_method,de_trait"
PKBDS5700ITMA,patch,"cell_type,de_comparison_class,de_method,de_trait,de_trait_description","would patch; set cell_type,de_comparison_class,de_method,de_trait,de_trait_description"
PKBDS5287DPUU,patch,"cell_type,de_comparison_class,de_method,de_trait,de_trait_description","would patch; set cell_type,de_comparison_class,de_method,de_trait,de_trait_description"
PKBDS7389TPXW,patch,"cell_type,de_comparison_class,de_method,de_trait,de_trait_description","would patch; set cell_type,de_comparison_class,de_method,de_trait,de_trait_description"
PKBDS8206CRLT,patch,"cell_type,de_comparison_class,de_method,de_trait,de_trait_description","would patch; set cell_type,de_comparison_class,de_method,de_trait,de_trait_description"
PKBDS6688DIVQ,patch,"cell_type,de_comparison_class,de_method,de_trait","would patch; set cell_type,de_comparison_class,de_method,de_trait"
PKBDS6800VYGY,patch,"cell_type,de_comparison_class,de_contrast,de_method","would patch; set cell_type,de_comparison_class,de_contrast,de_method"
PKBDS4378QRZD,patch,"cell_type,de_comparison_class,de_method,de_trait,de_trait_description","would patch; set cell_type,de_comparison_class,de_method,de_trait,de_trait_description"
PKBDS8198WTYL,patch,"cell_type,de_comparison_class,de_method,de_trait,de_trait_description","would patch; set cell_type,de_comparison_class,de_method,de_trait,de_trait_description"
PKBDS6178USPL,error,,"GET /analysis-sets/PKBDS6178USPL/ failed: 403 {""@type"": [""HTTPForbidden"", ""Error""], ""status"": ""error"", ""code"": 403, ""title"": ""Forbidden"", ""description"": ""Access was denied to this resource."", ""detail"": ""Unauthorized: item_view failed permission check""}"
PKBDS9685IEOW,patch,"cell_type,de_comparison_class,de_method,de_trait","would patch; set cell_type,de_comparison_class,de_method,de_trait"
PKBDS6451DDSL,patch,"cell_type,de_comparison_class,de_method,de_trait,de_trait_description","would patch; set cell_type,de_comparison_class,de_method,de_trait,de_trait_description"
PKBDS7105PJUD,patch,"cell_type,de_comparison_class,de_contrast,de_method","would patch; set cell_type,de_comparison_class,de_contrast,de_method"
PKBDS9156DAJH,patch,"cell_type,de_comparison_class,de_contrast,de_method","would patch; set cell_type,de_comparison_class,de_contrast,de_method"
PKBDS6434CDVQ,patch,"cell_type,de_comparison_class,de_contrast,de_method","would patch; set cell_type,de_comparison_class,de_contrast,de_method"
PKBDS3135BWHP,patch,"cell_type,de_comparison_class,de_method,de_trait,de_trait_description","would patch; set cell_type,de_comparison_class,de_method,de_trait,de_trait_description"
PKBDS1920KPVI,patch,"cell_type,de_comparison_class,de_method,de_trait,de_trait_description","would patch; set cell_type,de_comparison_class,de_method,de_trait,de_trait_description"
PKBDS3691KBWL,patch,"cell_type,de_comparison_class,de_contrast,de_method","would patch; set cell_type,de_comparison_class,de_contrast,de_method"
PKBDS1996VQYG,patch,"cell_type,de_comparison_class,de_method,de_trait,de_trait_description","would patch; set cell_type,de_comparison_class,de_method,de_trait,de_trait_description"
PKBDS9410GIKN,error,,"GET /analysis-sets/PKBDS9410GIKN/ failed: 403 {""@type"": [""HTTPForbidden"", ""Error""], ""status"": ""error"", ""code"": 403, ""title"": ""Forbidden"", ""description"": ""Access was denied to this resource."", ""detail"": ""Unauthorized: item_view failed permission check""}"
PKBDS7937VZQI,patch,"cell_type,de_comparison_class,de_method,de_trait,de_trait_description","would patch; set cell_type,de_comparison_class,de_method,de_trait,de_trait_description"
PKBDS3590UWLC,patch,"cell_type,de_comparison_class,de_method,de_trait,de_trait_description","would patch; set cell_type,de_comparison_class,de_method,de_trait,de_trait_description"
PKBDS2114NDTH,patch,"cell_type,de_comparison_class,de_method,de_trait,de_trait_description","would patch; set cell_type,de_comparison_class,de_method,de_trait,de_trait_description"
PKBDS5610PXTE,patch,"cell_type,de_comparison_class,de_method,de_trait,de_trait_description","would patch; set cell_type,de_comparison_class,de_method,de_trait,de_trait_description"
PKBDS8166FUVH,patch,"cell_type,de_comparison_class,de_method,de_trait,de_trait_description","would patch; set cell_type,de_comparison_class,de_method,de_trait,de_trait_description"
PKBDS7931AGQJ,patch,"cell_type,de_comparison_class,de_method,de_trait,de_trait_description","would patch; set cell_type,de_comparison_class,de_method,de_trait,de_trait_description"
PKBDS3303HFSL,patch,"cell_type,de_comparison_class,de_contrast,de_method","would patch; set cell_type,de_comparison_class,de_contrast,de_method"
PKBDS7884HQED,patch,"cell_type,de_comparison_class,de_contrast,de_method","would patch; set cell_type,de_comparison_class,de_contrast,de_method"
PKBDS7369WERJ,patch,"cell_type,de_comparison_class,de_method,de_trait,de_trait_description","would patch; set cell_type,de_comparison_class,de_method,de_trait,de_trait_description"
PKBDS1795YQVL,patch,"cell_type,de_comparison_class,de_method,de_trait,de_trait_description","would patch; set cell_type,de_comparison_class,de_method,de_trait,de_trait_description"
PKBDS0956XTAP,patch,"cell_type,de_comparison_class,de_contrast,de_method","would patch; set cell_type,de_comparison_class,de_contrast,de_method"
PKBDS4916WAHW,patch,"cell_type,de_comparison_class,de_method,de_trait,de_trait_description","would patch; set cell_type,de_comparison_class,de_method,de_trait,de_trait_description"
PKBDS6770JDLT,patch,"cell_type,de_comparison_class,de_method,de_trait","would patch; set cell_type,de_comparison_class,de_method,de_trait"
PKBDS8926RETI,patch,"cell_type,de_comparison_class,de_method,de_trait,de_trait_description","would patch; set cell_type,de_comparison_class,de_method,de_trait,de_trait_description"
PKBDS5047OOHU,patch,"cell_type,de_comparison_class,de_contrast,de_method","would patch; set cell_type,de_comparison_class,de_contrast,de_method"
PKBDS2710XDAP,patch,"cell_type,de_comparison_class,de_method,de_trait,de_trait_description","would patch; set cell_type,de_comparison_class,de_method,de_trait,de_trait_description"
PKBDS0140EYPM,patch,"cell_type,de_comparison_class,de_method,de_trait,de_trait_description","would patch; set cell_type,de_comparison_class,de_method,de_trait,de_trait_description"
PKBDS1796GNNK,patch,"cell_type,de_comparison_class,de_method,de_trait,de_trait_description","would patch; set cell_type,de_comparison_class,de_method,de_trait,de_trait_description"
PKBDS9321HOBP,patch,"cell_type,de_comparison_class,de_method,de_trait,de_trait_description","would patch; set cell_type,de_comparison_class,de_method,de_trait,de_trait_description"
PKBDS1121YVOW,patch,"cell_type,de_comparison_class,de_contrast,de_method","would patch; set cell_type,de_comparison_class,de_contrast,de_method"
PKBDS4091XMQR,patch,"cell_type,de_comparison_class,de_method,de_trait,de_trait_description","would patch; set cell_type,de_comparison_class,de_method,de_trait,de_trait_description"
PKBDS0650YSWR,skip,,"annotation_type is None, expected differential_expression"
PKBDS4811UIQP,patch,"cell_type,de_comparison_class,de_method,de_trait","would patch; set cell_type,de_comparison_class,de_method,de_trait"
PKBDS5572IDIB,patch,"cell_type,de_comparison_class,de_method,de_trait,de_trait_description","would patch; set cell_type,de_comparison_class,de_method,de_trait,de_trait_description"
PKBDS4090VDTG,patch,"cell_type,de_comparison_class,de_method,de_trait,de_trait_description","would patch; set cell_type,de_comparison_class,de_method,de_trait,de_trait_description"
PKBDS4123JQNA,patch,"cell_type,de_comparison_class,de_method,de_trait,de_trait_description","would patch; set cell_type,de_comparison_class,de_method,de_trait,de_trait_description"
PKBDS6534QUZY,patch,"cell_type,de_comparison_class,de_method,de_trait","would patch; set cell_type,de_comparison_class,de_method,de_trait"
PKBDS9122VSRW,patch,"cell_type,de_comparison_class,de_contrast,de_method","would patch; set cell_type,de_comparison_class,de_contrast,de_method"
PKBDS1947PLEZ,patch,"cell_type,de_comparison_class,de_method,de_trait,de_trait_description","would patch; set cell_type,de_comparison_class,de_method,de_trait,de_trait_description"
PKBDS8445UYTR,patch,"cell_type,de_comparison_class,de_method,de_trait,de_trait_description","would patch; set cell_type,de_comparison_class,de_method,de_trait,de_trait_description"
PKBDS3141XQOF,patch,"cell_type,de_comparison_class,de_method,de_trait","would patch; set cell_type,de_comparison_class,de_method,de_trait"
PKBDS2434SMCE,patch,"cell_type,de_comparison_class,de_contrast,de_method","would patch; set cell_type,de_comparison_class,de_contrast,de_method"
PKBDS4098AVTH,patch,"cell_type,de_comparison_class,de_contrast,de_method","would patch; set cell_type,de_comparison_class,de_contrast,de_method"
PKBDS9487AZYB,patch,"cell_type,de_comparison_class,de_method,de_trait,de_trait_description","would patch; set cell_type,de_comparison_class,de_method,de_trait,de_trait_description"
PKBDS6726RCTE,patch,"cell_type,de_comparison_class,de_contrast,de_method","would patch; set cell_type,de_comparison_class,de_contrast,de_method"
PKBDS2737WLBZ,patch,"cell_type,de_comparison_class,de_method,de_trait","would patch; set cell_type,de_comparison_class,de_method,de_trait"
PKBDS9425PMIM,patch,"cell_type,de_comparison_class,de_method,de_trait,de_trait_description","would patch; set cell_type,de_comparison_class,de_method,de_trait,de_trait_description"
PKBDS1474WNMC,patch,"cell_type,de_comparison_class,de_method,de_trait","would patch; set cell_type,de_comparison_class,de_method,de_trait"
PKBDS8105RYCT,patch,"cell_type,de_comparison_class,de_contrast,de_method","would patch; set cell_type,de_comparison_class,de_contrast,de_method"
PKBDS1811YCPT,patch,"cell_type,de_comparison_class,de_method,de_trait,de_trait_description","would patch; set cell_type,de_comparison_class,de_method,de_trait,de_trait_description"
PKBDS7218NFOB,patch,"cell_type,de_comparison_class,de_method,de_trait,de_trait_description","would patch; set cell_type,de_comparison_class,de_method,de_trait,de_trait_description"
PKBDS1553UROJ,patch,"cell_type,de_comparison_class,de_contrast,de_method","would patch; set cell_type,de_comparison_class,de_contrast,de_method"
PKBDS4245YUIR,patch,"cell_type,de_comparison_class,de_method,de_trait,de_trait_description","would patch; set cell_type,de_comparison_class,de_method,de_trait,de_trait_description"
PKBDS8744BAJB,patch,"cell_type,de_comparison_class,de_method,de_trait,de_trait_description","would patch; set cell_type,de_comparison_class,de_method,de_trait,de_trait_description"
PKBDS4867MUFF,error,,"GET /analysis-sets/PKBDS4867MUFF/ failed: 403 {""@type"": [""HTTPForbidden"", ""Error""], ""status"": ""error"", ""code"": 403, ""title"": ""Forbidden"", ""description"": ""Access was denied to this resource."", ""detail"": ""Unauthorized: item_view failed permission check""}"
PKBDS7936DFHE,error,,"GET /analysis-sets/PKBDS7936DFHE/ failed: 403 {""@type"": [""HTTPForbidden"", ""Error""], ""status"": ""error"", ""code"": 403, ""title"": ""Forbidden"", ""description"": ""Access was denied to this resource."", ""detail"": ""Unauthorized: item_view failed permission check""}"
PKBDS7907MXHB,patch,"cell_type,de_comparison_class,de_method,de_trait,de_trait_description","would patch; set cell_type,de_comparison_class,de_method,de_trait,de_trait_description"
PKBDS7955UPBF,patch,"cell_type,de_comparison_class,de_method,de_trait,de_trait_description","would patch; set cell_type,de_comparison_class,de_method,de_trait,de_trait_description"
PKBDS4867GMSV,patch,"cell_type,de_comparison_class,de_method,de_trait,de_trait_description","would patch; set cell_type,de_comparison_class,de_method,de_trait,de_trait_description"
PKBDS4094AGMS,patch,"cell_type,de_comparison_class,de_method,de_trait,de_trait_description","would patch; set cell_type,de_comparison_class,de_method,de_trait,de_trait_description"
PKBDS7618BKFN,patch,"cell_type,de_comparison_class,de_method,de_trait,de_trait_description","would patch; set cell_type,de_comparison_class,de_method,de_trait,de_trait_description"
PKBDS8841JOLG,patch,"cell_type,de_comparison_class,de_method,de_trait,de_trait_description","would patch; set cell_type,de_comparison_class,de_method,de_trait,de_trait_description"
PKBDS3636UTWP,patch,"cell_type,de_comparison_class,de_method,de_trait,de_trait_description","would patch; set cell_type,de_comparison_class,de_method,de_trait,de_trait_description"
PKBDS1424ARXP,patch,"cell_type,de_comparison_class,de_method,de_trait,de_trait_description","would patch; set cell_type,de_comparison_class,de_method,de_trait,de_trait_description"
PKBDS6971EGSW,patch,"cell_type,de_comparison_class,de_contrast,de_method","would patch; set cell_type,de_comparison_class,de_contrast,de_method"
PKBDS2412VSZU,error,,"GET /analysis-sets/PKBDS2412VSZU/ failed: 403 {""@type"": [""HTTPForbidden"", ""Error""], ""status"": ""error"", ""code"": 403, ""title"": ""Forbidden"", ""description"": ""Access was denied to this resource."", ""detail"": ""Unauthorized: item_view failed permission check""}"
PKBDS2862UOCK,patch,"cell_type,de_comparison_class,de_method,de_trait,de_trait_description","would patch; set cell_type,de_comparison_class,de_method,de_trait,de_trait_description"
PKBDS3604IIKC,patch,"cell_type,de_comparison_class,de_method,de_trait,de_trait_description","would patch; set cell_type,de_comparison_class,de_method,de_trait,de_trait_description"
PKBDS8923JOVI,patch,"cell_type,de_comparison_class,de_contrast,de_method","would patch; set cell_type,de_comparison_class,de_contrast,de_method"
PKBDS5082IZJT,patch,"cell_type,de_comparison_class,de_method,de_trait,de_trait_description","would patch; set cell_type,de_comparison_class,de_method,de_trait,de_trait_description"
PKBDS8421AHIM,error,,"GET /analysis-sets/PKBDS8421AHIM/ failed: 403 {""@type"": [""HTTPForbidden"", ""Error""], ""status"": ""error"", ""code"": 403, ""title"": ""Forbidden"", ""description"": ""Access was denied to this resource."", ""detail"": ""Unauthorized: item_view failed permission check""}"
PKBDS9601CGFB,patch,"cell_type,de_comparison_class,de_method,de_trait,de_trait_description","would patch; set cell_type,de_comparison_class,de_method,de_trait,de_trait_description"
PKBDS9366YEVA,patch,"cell_type,de_comparison_class,de_contrast,de_method","would patch; set cell_type,de_comparison_class,de_contrast,de_method"
PKBDS6926MBQV,patch,"cell_type,de_comparison_class,de_method,de_trait,de_trait_description","would patch; set cell_type,de_comparison_class,de_method,de_trait,de_trait_description"
PKBDS4900RHUG,patch,"cell_type,de_comparison_class,de_method,de_trait,de_trait_description","would patch; set cell_type,de_comparison_class,de_method,de_trait,de_trait_description"
PKBDS5627ZHHS,patch,"cell_type,de_comparison_class,de_method,de_trait,de_trait_description","would patch; set cell_type,de_comparison_class,de_method,de_trait,de_trait_description"
PKBDS0565JQTO,patch,"cell_type,de_comparison_class,de_method,de_trait,de_trait_description","would patch; set cell_type,de_comparison_class,de_method,de_trait,de_trait_description"
PKBDS0519IICY,patch,"cell_type,de_comparison_class,de_method,de_trait,de_trait_description","would patch; set cell_type,de_comparison_class,de_method,de_trait,de_trait_description"
PKBDS9784MPLW,patch,"cell_type,de_comparison_class,de_method,de_trait,de_trait_description","would patch; set cell_type,de_comparison_class,de_method,de_trait,de_trait_description"
PKBDS7523UXIK,patch,"cell_type,de_comparison_class,de_method,de_trait,de_trait_description","would patch; set cell_type,de_comparison_class,de_method,de_trait,de_trait_description"
PKBDS8196IBGB,patch,"cell_type,de_comparison_class,de_method,de_trait","would patch; set cell_type,de_comparison_class,de_method,de_trait"
PKBDS5432FQRU,patch,"cell_type,de_comparison_class,de_method,de_trait,de_trait_description","would patch; set cell_type,de_comparison_class,de_method,de_trait,de_trait_description"
PKBDS7658AICJ,patch,"cell_type,de_comparison_class,de_method,de_trait,de_trait_description","would patch; set cell_type,de_comparison_class,de_method,de_trait,de_trait_description"
PKBDS1485EHEV,patch,"cell_type,de_comparison_class,de_contrast,de_method","would patch; set cell_type,de_comparison_class,de_contrast,de_method"
PKBDS5560SOZQ,patch,"cell_type,de_comparison_class,de_method,de_trait,de_trait_description","would patch; set cell_type,de_comparison_class,de_method,de_trait,de_trait_description"
PKBDS3483NZPP,patch,"cell_type,de_comparison_class,de_method,de_trait","would patch; set cell_type,de_comparison_class,de_method,de_trait"
PKBDS9126WTVA,patch,"cell_type,de_comparison_class,de_method,de_trait,de_trait_description","would patch; set cell_type,de_comparison_class,de_method,de_trait,de_trait_description"
PKBDS6648VOUI,patch,"cell_type,de_comparison_class,de_method,de_trait,de_trait_description","would patch; set cell_type,de_comparison_class,de_method,de_trait,de_trait_description"
PKBDS6347PSUM,patch,"cell_type,de_comparison_class,de_method,de_trait,de_trait_description","would patch; set cell_type,de_comparison_class,de_method,de_trait,de_trait_description"
PKBDS3324NQTG,patch,"cell_type,de_comparison_class,de_method,de_trait","would patch; set cell_type,de_comparison_class,de_method,de_trait"
PKBDS3755EVZF,patch,"cell_type,de_comparison_class,de_contrast,de_method","would patch; set cell_type,de_comparison_class,de_contrast,de_method"
PKBDS9993TDAQ,patch,"cell_type,de_comparison_class,de_method,de_trait,de_trait_description","would patch; set cell_type,de_comparison_class,de_method,de_trait,de_trait_description"
PKBDS5598DVQC,patch,"cell_type,de_comparison_class,de_method,de_trait,de_trait_description","would patch; set cell_type,de_comparison_class,de_method,de_trait,de_trait_description"
PKBDS9671TLOS,patch,"cell_type,de_comparison_class,de_method,de_trait","would patch; set cell_type,de_comparison_class,de_method,de_trait"
PKBDS5410RXKP,patch,"cell_type,de_comparison_class,de_method,de_trait","would patch; set cell_type,de_comparison_class,de_method,de_trait"
PKBDS9885ZUJK,patch,"cell_type,de_comparison_class,de_method,de_trait","would patch; set cell_type,de_comparison_class,de_method,de_trait"
PKBDS2246GVVY,patch,"cell_type,de_comparison_class,de_method,de_trait","would patch; set cell_type,de_comparison_class,de_method,de_trait"
PKBDS7902DQVA,patch,"cell_type,de_comparison_class,de_contrast,de_method","would patch; set cell_type,de_comparison_class,de_contrast,de_method"
PKBDS6961LIXT,patch,"cell_type,de_comparison_class,de_method,de_trait","would patch; set cell_type,de_comparison_class,de_method,de_trait"
PKBDS9832JFQB,patch,"cell_type,de_comparison_class,de_method,de_trait,de_trait_description","would patch; set cell_type,de_comparison_class,de_method,de_trait,de_trait_description"
PKBDS9413DJYC,patch,"cell_type,de_comparison_class,de_method,de_trait,de_trait_description","would patch; set cell_type,de_comparison_class,de_method,de_trait,de_trait_description"
PKBDS8159PCCR,patch,"cell_type,de_comparison_class,de_method,de_trait,de_trait_description","would patch; set cell_type,de_comparison_class,de_method,de_trait,de_trait_description"
PKBDS5201NYXV,patch,"cell_type,de_comparison_class,de_method,de_trait,de_trait_description","would patch; set cell_type,de_comparison_class,de_method,de_trait,de_trait_description"
PKBDS6300THSG,patch,"cell_type,de_comparison_class,de_method,de_trait,de_trait_description","would patch; set cell_type,de_comparison_class,de_method,de_trait,de_trait_description"
PKBDS7524VWGH,patch,"cell_type,de_comparison_class,de_method,de_trait,de_trait_description","would patch; set cell_type,de_comparison_class,de_method,de_trait,de_trait_description"
PKBDS9251WWKU,patch,"cell_type,de_comparison_class,de_method,de_trait,de_trait_description","would patch; set cell_type,de_comparison_class,de_method,de_trait,de_trait_description"
PKBDS3727HXFE,patch,"cell_type,de_comparison_class,de_method,de_trait","would patch; set cell_type,de_comparison_class,de_method,de_trait"
PKBDS2352QEQO,patch,"cell_type,de_comparison_class,de_contrast,de_method","would patch; set cell_type,de_comparison_class,de_contrast,de_method"
PKBDS7288YPQJ,error,,"GET /analysis-sets/PKBDS7288YPQJ/ failed: 403 {""@type"": [""HTTPForbidden"", ""Error""], ""status"": ""error"", ""code"": 403, ""title"": ""Forbidden"", ""description"": ""Access was denied to this resource."", ""detail"": ""Unauthorized: item_view failed permission check""}"
PKBDS7805NMLK,patch,"cell_type,de_comparison_class,de_method,de_trait,de_trait_description","would patch; set cell_type,de_comparison_class,de_method,de_trait,de_trait_description"
PKBDS0298DRSA,patch,"cell_type,de_comparison_class,de_contrast,de_method","would patch; set cell_type,de_comparison_class,de_contrast,de_method"
PKBDS3519RAFX,patch,"cell_type,de_comparison_class,de_contrast,de_method","would patch; set cell_type,de_comparison_class,de_contrast,de_method"
PKBDS4531DSSP,patch,"cell_type,de_comparison_class,de_method,de_trait,de_trait_description","would patch; set cell_type,de_comparison_class,de_method,de_trait,de_trait_description"
PKBDS3820KYSS,patch,"cell_type,de_comparison_class,de_contrast,de_method","would patch; set cell_type,de_comparison_class,de_contrast,de_method"
PKBDS6610NSWK,patch,"cell_type,de_comparison_class,de_contrast,de_method","would patch; set cell_type,de_comparison_class,de_contrast,de_method"
PKBDS4405CCWF,patch,"cell_type,de_comparison_class,de_method,de_trait,de_trait_description","would patch; set cell_type,de_comparison_class,de_method,de_trait,de_trait_description"
PKBDS6078JFOG,patch,"cell_type,de_comparison_class,de_method,de_trait,de_trait_description","would patch; set cell_type,de_comparison_class,de_method,de_trait,de_trait_description"
PKBDS8037QTDY,error,,"GET /analysis-sets/PKBDS8037QTDY/ failed: 403 {""@type"": [""HTTPForbidden"", ""Error""], ""status"": ""error"", ""code"": 403, ""title"": ""Forbidden"", ""description"": ""Access was denied to this resource."", ""detail"": ""Unauthorized: item_view failed permission check""}"
PKBDS9160CWZO,patch,"cell_type,de_comparison_class,de_method,de_trait,de_trait_description","would patch; set cell_type,de_comparison_class,de_method,de_trait,de_trait_description"
PKBDS6272WYYC,patch,"cell_type,de_comparison_class,de_method,de_trait,de_trait_description","would patch; set cell_type,de_comparison_class,de_method,de_trait,de_trait_description"
PKBDS4916DWRE,patch,"cell_type,de_comparison_class,de_method,de_trait","would patch; set cell_type,de_comparison_class,de_method,de_trait"
PKBDS9799YBYA,patch,"cell_type,de_comparison_class,de_method,de_trait,de_trait_description","would patch; set cell_type,de_comparison_class,de_method,de_trait,de_trait_description"
PKBDS1142VACN,patch,"cell_type,de_comparison_class,de_method,de_trait,de_trait_description","would patch; set cell_type,de_comparison_class,de_method,de_trait,de_trait_description"
PKBDS8205SPDC,patch,"cell_type,de_comparison_class,de_contrast,de_method","would patch; set cell_type,de_comparison_class,de_contrast,de_method"
PKBDS7796NJOX,patch,"cell_type,de_comparison_class,de_method,de_trait,de_trait_description","would patch; set cell_type,de_comparison_class,de_method,de_trait,de_trait_description"
PKBDS4071WQKG,patch,"cell_type,de_comparison_class,de_contrast,de_method","would patch; set cell_type,de_comparison_class,de_contrast,de_method"
PKBDS5523IAGB,patch,"cell_type,de_comparison_class,de_method,de_trait,de_trait_description","would patch; set cell_type,de_comparison_class,de_method,de_trait,de_trait_description"
PKBDS3246VTUE,patch,"cell_type,de_comparison_class,de_method,de_trait,de_trait_description","would patch; set cell_type,de_comparison_class,de_method,de_trait,de_trait_description"
PKBDS0122CKAE,patch,"cell_type,de_comparison_class,de_method,de_trait,de_trait_description","would patch; set cell_type,de_comparison_class,de_method,de_trait,de_trait_description"
PKBDS2722QPUZ,patch,"cell_type,de_comparison_class,de_method,de_trait,de_trait_description","would patch; set cell_type,de_comparison_class,de_method,de_trait,de_trait_description"
PKBDS8073YGEH,skip,,"annotation_type is None, expected differential_expression"
PKBDS5103YNAV,patch,"cell_type,de_comparison_class,de_method,de_trait,de_trait_description","would patch; set cell_type,de_comparison_class,de_method,de_trait,de_trait_description"
PKBDS7689QFBO,patch,"cell_type,de_comparison_class,de_contrast,de_method","would patch; set cell_type,de_comparison_class,de_contrast,de_method"
PKBDS1983LQCX,patch,"cell_type,de_comparison_class,de_method,de_trait","would patch; set cell_type,de_comparison_class,de_method,de_trait"
PKBDS0887IDYK,patch,"cell_type,de_comparison_class,de_method,de_trait,de_trait_description","would patch; set cell_type,de_comparison_class,de_method,de_trait,de_trait_description"
PKBDS5370NUJJ,patch,"cell_type,de_comparison_class,de_method,de_trait","would patch; set cell_type,de_comparison_class,de_method,de_trait"
PKBDS3289KYEA,patch,"cell_type,de_comparison_class,de_method,de_trait,de_trait_description","would patch; set cell_type,de_comparison_class,de_method,de_trait,de_trait_description"
PKBDS3455FSOX,patch,"cell_type,de_comparison_class,de_contrast,de_method","would patch; set cell_type,de_comparison_class,de_contrast,de_method"
PKBDS3370NGYD,patch,"cell_type,de_comparison_class,de_method,de_trait,de_trait_description","would patch; set cell_type,de_comparison_class,de_method,de_trait,de_trait_description"
PKBDS7024XAXD,patch,"cell_type,de_comparison_class,de_contrast,de_method","would patch; set cell_type,de_comparison_class,de_contrast,de_method"
PKBDS0968MDAL,patch,"cell_type,de_comparison_class,de_method,de_trait,de_trait_description","would patch; set cell_type,de_comparison_class,de_method,de_trait,de_trait_description"
PKBDS5610OTSU,patch,"cell_type,de_comparison_class,de_method,de_trait,de_trait_description","would patch; set cell_type,de_comparison_class,de_method,de_trait,de_trait_description"
PKBDS6816MVOV,patch,"cell_type,de_comparison_class,de_method,de_trait,de_trait_description","would patch; set cell_type,de_comparison_class,de_method,de_trait,de_trait_description"
PKBDS7566YTJL,patch,"cell_type,de_comparison_class,de_method,de_trait,de_trait_description","would patch; set cell_type,de_comparison_class,de_method,de_trait,de_trait_description"
PKBDS5822PVMI,patch,"cell_type,de_comparison_class,de_method,de_trait,de_trait_description","would patch; set cell_type,de_comparison_class,de_method,de_trait,de_trait_description"
PKBDS4755ZVAG,patch,"cell_type,de_comparison_class,de_method,de_trait,de_trait_description","would patch; set cell_type,de_comparison_class,de_method,de_trait,de_trait_description"
PKBDS1183OQWS,patch,"cell_type,de_comparison_class,de_contrast,de_method","would patch; set cell_type,de_comparison_class,de_contrast,de_method"
PKBDS1659ECJD,patch,"cell_type,de_comparison_class,de_method,de_trait,de_trait_description","would patch; set cell_type,de_comparison_class,de_method,de_trait,de_trait_description"
PKBDS9821EWGJ,patch,"cell_type,de_comparison_class,de_method,de_trait","would patch; set cell_type,de_comparison_class,de_method,de_trait"
PKBDS4094RXEL,patch,"cell_type,de_comparison_class,de_contrast,de_method","would patch; set cell_type,de_comparison_class,de_contrast,de_method"
PKBDS8470TRNQ,patch,"cell_type,de_comparison_class,de_method,de_trait","would patch; set cell_type,de_comparison_class,de_method,de_trait"
PKBDS1726PGHI,patch,"cell_type,de_comparison_class,de_method,de_trait","would patch; set cell_type,de_comparison_class,de_method,de_trait"
PKBDS8693FOHU,patch,"cell_type,de_comparison_class,de_method,de_trait,de_trait_description","would patch; set cell_type,de_comparison_class,de_method,de_trait,de_trait_description"
PKBDS8953YHKX,patch,"cell_type,de_comparison_class,de_method,de_trait,de_trait_description","would patch; set cell_type,de_comparison_class,de_method,de_trait,de_trait_description"
PKBDS5012BGLC,patch,"cell_type,de_comparison_class,de_method,de_trait","would patch; set cell_type,de_comparison_class,de_method,de_trait"
PKBDS0384DBPV,patch,"cell_type,de_comparison_class,de_method,de_trait,de_trait_description","would patch; set cell_type,de_comparison_class,de_method,de_trait,de_trait_description"
PKBDS0835ACAO,patch,"cell_type,de_comparison_class,de_contrast,de_method","would patch; set cell_type,de_comparison_class,de_contrast,de_method"
PKBDS9160ZARV,patch,"cell_type,de_comparison_class,de_method,de_trait,de_trait_description","would patch; set cell_type,de_comparison_class,de_method,de_trait,de_trait_description"
PKBDS6579ZKRR,patch,"cell_type,de_comparison_class,de_method,de_trait,de_trait_description","would patch; set cell_type,de_comparison_class,de_method,de_trait,de_trait_description"
PKBDS8405CQYG,patch,"cell_type,de_comparison_class,de_method,de_trait","would patch; set cell_type,de_comparison_class,de_method,de_trait"
PKBDS7238AVQR,patch,"cell_type,de_comparison_class,de_method,de_trait,de_trait_description","would patch; set cell_type,de_comparison_class,de_method,de_trait,de_trait_description"
PKBDS3671YWAH,patch,"cell_type,de_comparison_class,de_method,de_trait","would patch; set cell_type,de_comparison_class,de_method,de_trait"
PKBDS1322JXNV,patch,"cell_type,de_comparison_class,de_contrast,de_method","would patch; set cell_type,de_comparison_class,de_contrast,de_method"
PKBDS4713BINV,patch,"cell_type,de_comparison_class,de_contrast,de_method","would patch; set cell_type,de_comparison_class,de_contrast,de_method"
PKBDS9466DCOD,patch,"cell_type,de_comparison_class,de_method,de_trait,de_trait_description","would patch; set cell_type,de_comparison_class,de_method,de_trait,de_trait_description"
PKBDS2830ZJUV,patch,"cell_type,de_comparison_class,de_method,de_trait,de_trait_description","would patch; set cell_type,de_comparison_class,de_method,de_trait,de_trait_description"
PKBDS3230NCBI,patch,"cell_type,de_comparison_class,de_method,de_trait,de_trait_description","would patch; set cell_type,de_comparison_class,de_method,de_trait,de_trait_description"
PKBDS7406BXDV,skip,,"annotation_type is None, expected differential_expression"
PKBDS3217PHVY,patch,"cell_type,de_comparison_class,de_method,de_trait,de_trait_description","would patch; set cell_type,de_comparison_class,de_method,de_trait,de_trait_description"
PKBDS5546RTRG,patch,"cell_type,de_comparison_class,de_method,de_trait","would patch; set cell_type,de_comparison_class,de_method,de_trait"
PKBDS0844VJZW,skip,,"annotation_type is None, expected differential_expression"
PKBDS9537YOKG,patch,"cell_type,de_comparison_class,de_method,de_trait,de_trait_description","would patch; set cell_type,de_comparison_class,de_method,de_trait,de_trait_description"
PKBDS5780HFOA,patch,"cell_type,de_comparison_class,de_method,de_trait,de_trait_description","would patch; set cell_type,de_comparison_class,de_method,de_trait,de_trait_description"
PKBDS2263XHHG,patch,"cell_type,de_comparison_class,de_method,de_trait,de_trait_description","would patch; set cell_type,de_comparison_class,de_method,de_trait,de_trait_description"
PKBDS6188DWZL,patch,"cell_type,de_comparison_class,de_method,de_trait,de_trait_description","would patch; set cell_type,de_comparison_class,de_method,de_trait,de_trait_description"
PKBDS1586CZUN,patch,"cell_type,de_comparison_class,de_method,de_trait","would patch; set cell_type,de_comparison_class,de_method,de_trait"
PKBDS1985DKJU,patch,"cell_type,de_comparison_class,de_method,de_trait,de_trait_description","would patch; set cell_type,de_comparison_class,de_method,de_trait,de_trait_description"
PKBDS3957OGXL,patch,"cell_type,de_comparison_class,de_method,de_trait","would patch; set cell_type,de_comparison_class,de_method,de_trait"
PKBDS7652AKTW,error,,"GET /analysis-sets/PKBDS7652AKTW/ failed: 403 {""@type"": [""HTTPForbidden"", ""Error""], ""status"": ""error"", ""code"": 403, ""title"": ""Forbidden"", ""description"": ""Access was denied to this resource."", ""detail"": ""Unauthorized: item_view failed permission check""}"
PKBDS8497JAAX,patch,"cell_type,de_comparison_class,de_contrast,de_method","would patch; set cell_type,de_comparison_class,de_contrast,de_method"
PKBDS7751DDUX,patch,"cell_type,de_comparison_class,de_contrast,de_method","would patch; set cell_type,de_comparison_class,de_contrast,de_method"
PKBDS1520RLCX,patch,"cell_type,de_comparison_class,de_method,de_trait,de_trait_description","would patch; set cell_type,de_comparison_class,de_method,de_trait,de_trait_description"
PKBDS3483TGEQ,patch,"cell_type,de_comparison_class,de_contrast,de_method","would patch; set cell_type,de_comparison_class,de_contrast,de_method"
PKBDS9889HTSJ,patch,"cell_type,de_comparison_class,de_contrast,de_method","would patch; set cell_type,de_comparison_class,de_contrast,de_method"
PKBDS5505XMWS,patch,"cell_type,de_comparison_class,de_contrast,de_method","would patch; set cell_type,de_comparison_class,de_contrast,de_method"
PKBDS2597JTFF,patch,"cell_type,de_comparison_class,de_method,de_trait,de_trait_description","would patch; set cell_type,de_comparison_class,de_method,de_trait,de_trait_description"
PKBDS6589GOFF,patch,"cell_type,de_comparison_class,de_contrast,de_method","would patch; set cell_type,de_comparison_class,de_contrast,de_method"
PKBDS1274OYKH,patch,"cell_type,de_comparison_class,de_method,de_trait","would patch; set cell_type,de_comparison_class,de_method,de_trait"
PKBDS9395CJWT,patch,"cell_type,de_comparison_class,de_method,de_trait,de_trait_description","would patch; set cell_type,de_comparison_class,de_method,de_trait,de_trait_description"
PKBDS7346BVHR,patch,"cell_type,de_comparison_class,de_method,de_trait","would patch; set cell_type,de_comparison_class,de_method,de_trait"
PKBDS7342FZWU,patch,"cell_type,de_comparison_class,de_contrast,de_method","would patch; set cell_type,de_comparison_class,de_contrast,de_method"
PKBDS6487HEBM,patch,"cell_type,de_comparison_class,de_method,de_trait","would patch; set cell_type,de_comparison_class,de_method,de_trait"
PKBDS4799CFPQ,patch,"cell_type,de_comparison_class,de_method,de_trait,de_trait_description","would patch; set cell_type,de_comparison_class,de_method,de_trait,de_trait_description"
PKBDS5837EOGU,patch,"cell_type,de_comparison_class,de_method,de_trait,de_trait_description","would patch; set cell_type,de_comparison_class,de_method,de_trait,de_trait_description"
PKBDS1445QUMP,patch,"cell_type,de_comparison_class,de_contrast,de_method","would patch; set cell_type,de_comparison_class,de_contrast,de_method"
PKBDS4822PZHT,patch,"cell_type,de_comparison_class,de_contrast,de_method","would patch; set cell_type,de_comparison_class,de_contrast,de_method"
PKBDS6339FBWD,patch,"cell_type,de_comparison_class,de_method,de_trait","would patch; set cell_type,de_comparison_class,de_method,de_trait"
PKBDS2560IMUI,patch,"cell_type,de_comparison_class,de_method,de_trait,de_trait_description","would patch; set cell_type,de_comparison_class,de_method,de_trait,de_trait_description"
PKBDS2619QHGC,patch,"cell_type,de_comparison_class,de_method,de_trait,de_trait_description","would patch; set cell_type,de_comparison_class,de_method,de_trait,de_trait_description"
PKBDS9760BVRX,patch,"cell_type,de_comparison_class,de_method,de_trait","would patch; set cell_type,de_comparison_class,de_method,de_trait"
PKBDS9386UNKT,patch,"cell_type,de_comparison_class,de_method,de_trait,de_trait_description","would patch; set cell_type,de_comparison_class,de_method,de_trait,de_trait_description"
PKBDS1693NOSQ,patch,"cell_type,de_comparison_class,de_method,de_trait,de_trait_description","would patch; set cell_type,de_comparison_class,de_method,de_trait,de_trait_description"
PKBDS0932AYBQ,patch,"cell_type,de_comparison_class,de_contrast,de_method","would patch; set cell_type,de_comparison_class,de_contrast,de_method"
PKBDS3228FNYE,patch,"cell_type,de_comparison_class,de_method,de_trait,de_trait_description","would patch; set cell_type,de_comparison_class,de_method,de_trait,de_trait_description"
PKBDS2711DBJQ,patch,"cell_type,de_comparison_class,de_method,de_trait,de_trait_description","would patch; set cell_type,de_comparison_class,de_method,de_trait,de_trait_description"
PKBDS6283MPXE,patch,"cell_type,de_comparison_class,de_method,de_trait,de_trait_description","would patch; set cell_type,de_comparison_class,de_method,de_trait,de_trait_description"
PKBDS4248UFOX,patch,"cell_type,de_comparison_class,de_method,de_trait,de_trait_description","would patch; set cell_type,de_comparison_class,de_method,de_trait,de_trait_description"
PKBDS9503OPJZ,patch,"cell_type,de_comparison_class,de_method,de_trait,de_trait_description","would patch; set cell_type,de_comparison_class,de_method,de_trait,de_trait_description"
PKBDS8980IZYW,patch,"cell_type,de_comparison_class,de_method,de_trait,de_trait_description","would patch; set cell_type,de_comparison_class,de_method,de_trait,de_trait_description"
PKBDS1378VISS,patch,"cell_type,de_comparison_class,de_method,de_trait","would patch; set cell_type,de_comparison_class,de_method,de_trait"
PKBDS2021NUAQ,patch,"cell_type,de_comparison_class,de_method,de_trait,de_trait_description","would patch; set cell_type,de_comparison_class,de_method,de_trait,de_trait_description"
PKBDS1025TETE,patch,"cell_type,de_comparison_class,de_method,de_trait,de_trait_description","would patch; set cell_type,de_comparison_class,de_method,de_trait,de_trait_description"
PKBDS6606YXYN,patch,"cell_type,de_comparison_class,de_method,de_trait,de_trait_description","would patch; set cell_type,de_comparison_class,de_method,de_trait,de_trait_description"
PKBDS8306PTFU,patch,"cell_type,de_comparison_class,de_method,de_trait,de_trait_description","would patch; set cell_type,de_comparison_class,de_method,de_trait,de_trait_description"
PKBDS7410IQTX,patch,"cell_type,de_comparison_class,de_method,de_trait,de_trait_description","would patch; set cell_type,de_comparison_class,de_method,de_trait,de_trait_description"
PKBDS1638IYZE,patch,"cell_type,de_comparison_class,de_contrast,de_method","would patch; set cell_type,de_comparison_class,de_contrast,de_method"
PKBDS6030OHMW,patch,"cell_type,de_comparison_class,de_method,de_trait","would patch; set cell_type,de_comparison_class,de_method,de_trait"
PKBDS9035JKMV,patch,"cell_type,de_comparison_class,de_contrast,de_method","would patch; set cell_type,de_comparison_class,de_contrast,de_method"
PKBDS1000XEXS,patch,"cell_type,de_comparison_class,de_method,de_trait,de_trait_description","would patch; set cell_type,de_comparison_class,de_method,de_trait,de_trait_description"
PKBDS6664CMZY,patch,"cell_type,de_comparison_class,de_method,de_trait,de_trait_description","would patch; set cell_type,de_comparison_class,de_method,de_trait,de_trait_description"
PKBDS2361PXPD,patch,"cell_type,de_comparison_class,de_method,de_trait,de_trait_description","would patch; set cell_type,de_comparison_class,de_method,de_trait,de_trait_description"
PKBDS0115XVDE,patch,"cell_type,de_comparison_class,de_method,de_trait","would patch; set cell_type,de_comparison_class,de_method,de_trait"
PKBDS6132CAAZ,patch,"cell_type,de_comparison_class,de_method,de_trait,de_trait_description","would patch; set cell_type,de_comparison_class,de_method,de_trait,de_trait_description"
PKBDS0890HAVF,patch,"cell_type,de_comparison_class,de_method,de_trait,de_trait_description","would patch; set cell_type,de_comparison_class,de_method,de_trait,de_trait_description"
PKBDS0358TOBI,patch,"cell_type,de_comparison_class,de_method,de_trait,de_trait_description","would patch; set cell_type,de_comparison_class,de_method,de_trait,de_trait_description"
PKBDS2232GNDV,patch,"cell_type,de_comparison_class,de_method,de_trait,de_trait_description","would patch; set cell_type,de_comparison_class,de_method,de_trait,de_trait_description"
PKBDS7973XWHS,patch,"cell_type,de_comparison_class,de_method,de_trait,de_trait_description","would patch; set cell_type,de_comparison_class,de_method,de_trait,de_trait_description"
PKBDS5879AJOF,patch,"cell_type,de_comparison_class,de_contrast,de_method","would patch; set cell_type,de_comparison_class,de_contrast,de_method"
PKBDS7284BTJV,patch,"cell_type,de_comparison_class,de_contrast,de_method","would patch; set cell_type,de_comparison_class,de_contrast,de_method"
PKBDS4178ENLV,patch,"cell_type,de_comparison_class,de_method,de_trait,de_trait_description","would patch; set cell_type,de_comparison_class,de_method,de_trait,de_trait_description"
PKBDS8462QJJK,patch,"cell_type,de_comparison_class,de_method,de_trait,de_trait_description","would patch; set cell_type,de_comparison_class,de_method,de_trait,de_trait_description"
PKBDS2361VEZW,patch,"cell_type,de_comparison_class,de_method,de_trait,de_trait_description","would patch; set cell_type,de_comparison_class,de_method,de_trait,de_trait_description"
PKBDS4043XKCM,patch,"cell_type,de_comparison_class,de_method,de_trait","would patch; set cell_type,de_comparison_class,de_method,de_trait"
PKBDS1472ARWP,patch,"cell_type,de_comparison_class,de_method,de_trait,de_trait_description","would patch; set cell_type,de_comparison_class,de_method,de_trait,de_trait_description"
PKBDS0032NTHO,skip,,"annotation_type is None, expected differential_expression"
PKBDS5102ICHI,patch,"cell_type,de_comparison_class,de_method,de_trait,de_trait_description","would patch; set cell_type,de_comparison_class,de_method,de_trait,de_trait_description"
PKBDS2984LRTO,patch,"cell_type,de_comparison_class,de_method,de_trait,de_trait_description","would patch; set cell_type,de_comparison_class,de_method,de_trait,de_trait_description"
PKBDS3446ASHA,patch,"cell_type,de_comparison_class,de_method,de_trait","would patch; set cell_type,de_comparison_class,de_method,de_trait"
PKBDS5028DUQK,patch,"cell_type,de_comparison_class,de_contrast,de_method","would patch; set cell_type,de_comparison_class,de_contrast,de_method"
PKBDS9366HTNH,skip,,"annotation_type is None, expected differential_expression"
PKBDS4307PJQO,patch,"cell_type,de_comparison_class,de_method,de_trait,de_trait_description","would patch; set cell_type,de_comparison_class,de_method,de_trait,de_trait_description"
PKBDS8130ANOZ,patch,"cell_type,de_comparison_class,de_method,de_trait,de_trait_description","would patch; set cell_type,de_comparison_class,de_method,de_trait,de_trait_description"
PKBDS7614OWAH,patch,"cell_type,de_comparison_class,de_method,de_trait,de_trait_description","would patch; set cell_type,de_comparison_class,de_method,de_trait,de_trait_description"
PKBDS4830EYBZ,error,,"GET /analysis-sets/PKBDS4830EYBZ/ failed: 403 {""@type"": [""HTTPForbidden"", ""Error""], ""status"": ""error"", ""code"": 403, ""title"": ""Forbidden"", ""description"": ""Access was denied to this resource."", ""detail"": ""Unauthorized: item_view failed permission check""}"
PKBDS7003LZNL,patch,"cell_type,de_comparison_class,de_contrast,de_method","would patch; set cell_type,de_comparison_class,de_contrast,de_method"
PKBDS4502TPNC,skip,,"annotation_type is None, expected differential_expression"
PKBDS5656CIMO,patch,"cell_type,de_comparison_class,de_method,de_trait,de_trait_description","would patch; set cell_type,de_comparison_class,de_method,de_trait,de_trait_description"
PKBDS8086DTUR,skip,,"annotation_type is None, expected differential_expression"
PKBDS8568OJJY,patch,"cell_type,de_comparison_class,de_method,de_trait,de_trait_description","would patch; set cell_type,de_comparison_class,de_method,de_trait,de_trait_description"
PKBDS9343POSP,patch,"cell_type,de_comparison_class,de_contrast,de_method","would patch; set cell_type,de_comparison_class,de_contrast,de_method"
PKBDS5796BKEJ,patch,"cell_type,de_comparison_class,de_method,de_trait,de_trait_description","would patch; set cell_type,de_comparison_class,de_method,de_trait,de_trait_description"
PKBDS6560JIIY,patch,"cell_type,de_comparison_class,de_method,de_trait","would patch; set cell_type,de_comparison_class,de_method,de_trait"
PKBDS5848BQMG,patch,"cell_type,de_comparison_class,de_contrast,de_method","would patch; set cell_type,de_comparison_class,de_contrast,de_method"
PKBDS2514VFHI,patch,"cell_type,de_comparison_class,de_method,de_trait,de_trait_description","would patch; set cell_type,de_comparison_class,de_method,de_trait,de_trait_description"
PKBDS3604HEPG,patch,"cell_type,de_comparison_class,de_method,de_trait","would patch; set cell_type,de_comparison_class,de_method,de_trait"
PKBDS9450EBQC,patch,"cell_type,de_comparison_class,de_contrast,de_method","would patch; set cell_type,de_comparison_class,de_contrast,de_method"
PKBDS8347SZLI,patch,"cell_type,de_comparison_class,de_method,de_trait,de_trait_description","would patch; set cell_type,de_comparison_class,de_method,de_trait,de_trait_description"
PKBDS1241BEHV,patch,"cell_type,de_comparison_class,de_method,de_trait,de_trait_description","would patch; set cell_type,de_comparison_class,de_method,de_trait,de_trait_description"
PKBDS2965HDGA,patch,"cell_type,de_comparison_class,de_method,de_trait,de_trait_description","would patch; set cell_type,de_comparison_class,de_method,de_trait,de_trait_description"
PKBDS0433GAGB,error,,"GET /analysis-sets/PKBDS0433GAGB/ failed: 403 {""@type"": [""HTTPForbidden"", ""Error""], ""status"": ""error"", ""code"": 403, ""title"": ""Forbidden"", ""description"": ""Access was denied to this resource."", ""detail"": ""Unauthorized: item_view failed permission check""}"
PKBDS0530NXUI,patch,"cell_type,de_comparison_class,de_method,de_trait,de_trait_description","would patch; set cell_type,de_comparison_class,de_method,de_trait,de_trait_description"
PKBDS9075WFYB,patch,"cell_type,de_comparison_class,de_method,de_trait,de_trait_description","would patch; set cell_type,de_comparison_class,de_method,de_trait,de_trait_description"
