analysis_set_accession,current_input_file_sets,input_file_sets,current_donors,donors,current_samples,samples,annotation_type,summary
PKBDS0086MJHU,,,,,,,differential_expression,
PKBDS0115XVDE,,,,,,,differential_expression,
PKBDS0122CKAE,,,,,,,differential_expression,
PKBDS0122LQXL,,,,,,,differential_expression,
PKBDS0140EYPM,,,,,,,differential_expression,
PKBDS0298DRSA,,,,,,,differential_expression,
PKBDS0358TOBI,,,,,,,differential_expression,
PKBDS0384DBPV,,,,,,,differential_expression,
PKBDS0436OODC,,,,,,,differential_expression,
PKBDS0454XQOG,,,,,,,differential_expression,
PKBDS0519IICY,,,,,,,differential_expression,
PKBDS0530NXUI,,,,,,,differential_expression,
PKBDS0565JQTO,,,,,,,differential_expression,
PKBDS0648QLLU,,,,,,,differential_expression,
PKBDS0835ACAO,,,,,,,differential_expression,
PKBDS0887IDYK,,,,,,,differential_expression,
PKBDS0890HAVF,,,,,,,differential_expression,
PKBDS0924XHGJ,,,,,,,differential_expression,
PKBDS0932AYBQ,,,,,,,differential_expression,
PKBDS0956XTAP,,,,,,,differential_expression,
PKBDS0961LWKK,,,,,,,differential_expression,
PKBDS0968MDAL,,,,,,,differential_expression,
PKBDS1000XEXS,,,,,,,differential_expression,
PKBDS1025TETE,,,,,,,differential_expression,
PKBDS1045ATLQ,,,,,,,differential_expression,
PKBDS1121YVOW,,,,,,,differential_expression,
PKBDS1142VACN,,,,,,,differential_expression,
PKBDS1183OQWS,,,,,,,differential_expression,
PKBDS1218GCRD,,,,,,,differential_expression,
PKBDS1241BEHV,,,,,,,differential_expression,
PKBDS1274OYKH,,,,,,,differential_expression,
PKBDS1322JXNV,,,,,,,differential_expression,
PKBDS1324EELF,,,,,,,differential_expression,
PKBDS1378VISS,,,,,,,differential_expression,
PKBDS1424ARXP,,,,,,,differential_expression,
PKBDS1445QUMP,,,,,,,differential_expression,
PKBDS1472ARWP,,,,,,,differential_expression,
PKBDS1474WNMC,,,,,,,differential_expression,
PKBDS1485EHEV,,,,,,,differential_expression,
PKBDS1505SRBP,,,,,,,differential_expression,
PKBDS1520RLCX,,,,,,,differential_expression,
PKBDS1553UROJ,,,,,,,differential_expression,
PKBDS1565CFJI,,,,,,,differential_expression,
PKBDS1586CZUN,,,,,,,differential_expression,
PKBDS1618LBHU,,,,,,,differential_expression,
PKBDS1638IYZE,,,,,,,differential_expression,
PKBDS1648MBOE,,,,,,,differential_expression,
PKBDS1659ECJD,,,,,,,differential_expression,
PKBDS1693NOSQ,,,,,,,differential_expression,
PKBDS1693ZDDU,,,,,,,differential_expression,
PKBDS1717HXPC,,,,,,,differential_expression,
PKBDS1726PGHI,,,,,,,differential_expression,
PKBDS1744BMIK,,,,,,,differential_expression,
PKBDS1795YQVL,,,,,,,differential_expression,
PKBDS1796GNNK,,,,,,,differential_expression,
PKBDS1811YCPT,,,,,,,differential_expression,
PKBDS1920KPVI,,,,,,,differential_expression,
PKBDS1947PLEZ,,,,,,,differential_expression,
PKBDS1983LQCX,,,,,,,differential_expression,
PKBDS1985DKJU,,,,,,,differential_expression,
PKBDS1996VQYG,,,,,,,differential_expression,
PKBDS2005QXMB,,,,,,,differential_expression,
PKBDS2021NUAQ,,,,,,,differential_expression,
PKBDS2068AKJH,,,,,,,differential_expression,
PKBDS2093ZRZK,,,,,,,differential_expression,
PKBDS2114NDTH,,,,,,,differential_expression,
PKBDS2150UMYY,,,,,,,differential_expression,
PKBDS2211GHUN,,,,,,,differential_expression,
PKBDS2232GNDV,,,,,,,differential_expression,
PKBDS2246GVVY,,,,,,,differential_expression,
PKBDS2263XHHG,,,,,,,differential_expression,
PKBDS2272QKWV,,,,,,,differential_expression,
PKBDS2313NFFL,,,,,,,differential_expression,
PKBDS2352QEQO,,,,,,,differential_expression,
PKBDS2361PXPD,,,,,,,differential_expression,
PKBDS2361VEZW,,,,,,,differential_expression,
PKBDS2434SMCE,,,,,,,differential_expression,
PKBDS2514VFHI,,,,,,,differential_expression,
PKBDS2521WIQC,,,,,,,differential_expression,
PKBDS2553ZNMT,,,,,,,differential_expression,
PKBDS2560IMUI,,,,,,,differential_expression,
PKBDS2597JTFF,,,,,,,differential_expression,
PKBDS2615YOIT,,,,,,,differential_expression,
PKBDS2619QHGC,,,,,,,differential_expression,
PKBDS2677PUVA,,,,,,,differential_expression,
PKBDS2710XDAP,,,,,,,differential_expression,
PKBDS2711DBJQ,,,,,,,differential_expression,
PKBDS2722QPUZ,,,,,,,differential_expression,
PKBDS2737WLBZ,,,,,,,differential_expression,
PKBDS2781NCNK,,,,,,,differential_expression,
PKBDS2830ZJUV,,,,,,,differential_expression,
PKBDS2831QNRG,,,,,,,differential_expression,
PKBDS2862UOCK,,,,,,,differential_expression,
PKBDS2887CWGC,,,,,,,differential_expression,
PKBDS2965HDGA,,,,,,,differential_expression,
PKBDS2984LRTO,,,,,,,differential_expression,
PKBDS3029EKAK,,,,,,,differential_expression,
PKBDS3135BWHP,,,,,,,differential_expression,
PKBDS3141XQOF,,,,,,,differential_expression,
PKBDS3160CYTA,,,,,,,differential_expression,
PKBDS3217PHVY,,,,,,,differential_expression,
PKBDS3228FNYE,,,,,,,differential_expression,
PKBDS3230NCBI,,,,,,,differential_expression,
PKBDS3246VTUE,,,,,,,differential_expression,
PKBDS3289KYEA,,,,,,,differential_expression,
PKBDS3290JQQT,,,,,,,differential_expression,
PKBDS3303HFSL,,,,,,,differential_expression,
PKBDS3308ZQSU,,,,,,,differential_expression,
PKBDS3324NQTG,,,,,,,differential_expression,
PKBDS3345JRYI,,,,,,,differential_expression,
PKBDS3370NGYD,,,,,,,differential_expression,
PKBDS3393RTJP,,,,,,,differential_expression,
PKBDS3432QMYY,,,,,,,differential_expression,
PKBDS3446ASHA,,,,,,,differential_expression,
PKBDS3455FSOX,,,,,,,differential_expression,
PKBDS3483NZPP,,,,,,,differential_expression,
PKBDS3483TGEQ,PKBDS1349YHGQ,,,,,,differential_expression,
PKBDS3519RAFX,PKBDS1349YHGQ,,,,,,differential_expression,
PKBDS3569SVYK,,,,,,,differential_expression,
PKBDS3590UWLC,,,,,,,differential_expression,
PKBDS3604HEPG,,,,,,,differential_expression,
PKBDS3604IIKC,,,,,,,differential_expression,
PKBDS3636UTWP,,,,,,,differential_expression,
PKBDS3671YWAH,,,,,,,differential_expression,
PKBDS3691KBWL,,,,,,,differential_expression,
PKBDS3727HXFE,,,,,,,differential_expression,
PKBDS3755EVZF,,,,,,,differential_expression,
PKBDS3800CNFK,,,,,,,differential_expression,
PKBDS3820KYSS,,,,,,,differential_expression,
PKBDS3910JXPO,,,,,,,differential_expression,
PKBDS3910XSQC,,,,,,,differential_expression,
PKBDS3957OGXL,,,,,,,differential_expression,
PKBDS3957PJRP,,,,,,,differential_expression,
PKBDS4043XKCM,,,,,,,differential_expression,
PKBDS4071WQKG,,,,,,,differential_expression,
PKBDS4090VDTG,,,,,,,differential_expression,
PKBDS4091XMQR,,,,,,,differential_expression,
PKBDS4094AGMS,,,,,,,differential_expression,
PKBDS4094RXEL,,,,,,,differential_expression,
PKBDS4098AVTH,,,,,,,differential_expression,
PKBDS4101CUXX,,,,,,,differential_expression,
PKBDS4105GDTR,,,,,,,differential_expression,
PKBDS4123JQNA,,,,,,,differential_expression,
PKBDS4127JFHO,,,,,,,differential_expression,
PKBDS4178ENLV,,,,,,,differential_expression,
PKBDS4245YUIR,,,,,,,differential_expression,
PKBDS4248UFOX,,,,,,,differential_expression,
PKBDS4288JMOO,,,,,,,differential_expression,
PKBDS4307PJQO,,,,,,,differential_expression,
PKBDS4311XHYW,,,,,,,differential_expression,
PKBDS4366CMTP,,,,,,,differential_expression,
PKBDS4378QRZD,,,,,,,differential_expression,
PKBDS4405CCWF,,,,,,,differential_expression,
PKBDS4455XTSO,,,,,,,differential_expression,
PKBDS4495ZYUS,,,,,,,differential_expression,
PKBDS4513ECQH,,,,,,,differential_expression,
PKBDS4531DSSP,,,,,,,differential_expression,
PKBDS4637TUZL,,,,,,,differential_expression,
PKBDS4713BINV,,,,,,,differential_expression,
PKBDS4742PQEH,,,,,,,differential_expression,
PKBDS4755ZVAG,,,,,,,differential_expression,
PKBDS4799CFPQ,,,,,,,differential_expression,
PKBDS4811UIQP,,,,,,,differential_expression,
PKBDS4822PZHT,,,,,,,differential_expression,
PKBDS4867GMSV,,,,,,,differential_expression,
PKBDS4881NIVT,,,,,,,differential_expression,
PKBDS4900RHUG,,,,,,,differential_expression,
PKBDS4916DWRE,,,,,,,differential_expression,
PKBDS4916WAHW,,,,,,,differential_expression,
PKBDS4961CFKP,,,,,,,differential_expression,
PKBDS5010VHPR,,,,,,,differential_expression,
PKBDS5012BGLC,,,,,,,differential_expression,
PKBDS5028DUQK,,,,,,,differential_expression,
PKBDS5047OOHU,,,,,,,differential_expression,
PKBDS5057ZKYJ,,,,,,,differential_expression,
PKBDS5082IZJT,,,,,,,differential_expression,
PKBDS5102ICHI,,,,,,,differential_expression,
PKBDS5103YNAV,,,,,,,differential_expression,
PKBDS5153XMJI,,,,,,,differential_expression,
PKBDS5201NYXV,,,,,,,differential_expression,
PKBDS5201VFAS,,,,,,,differential_expression,
PKBDS5253CNDS,,,,,,,differential_expression,
PKBDS5280VFEP,,,,,,,differential_expression,
PKBDS5287DPUU,,,,,,,differential_expression,
PKBDS5292QHYM,,,,,,,differential_expression,
PKBDS5370NUJJ,,,,,,,differential_expression,
PKBDS5410RXKP,,,,,,,differential_expression,
PKBDS5432FQRU,,,,,,,differential_expression,
PKBDS5475MOOW,,,,,,,differential_expression,
PKBDS5505XMWS,PKBDS1349YHGQ,,,,,,differential_expression,
PKBDS5523IAGB,,,,,,,differential_expression,
PKBDS5546RTRG,,,,,,,differential_expression,
PKBDS5560SOZQ,,,,,,,differential_expression,
PKBDS5572IDIB,,,,,,,differential_expression,
PKBDS5598DVQC,,,,,,,differential_expression,
PKBDS5610OTSU,,,,,,,differential_expression,
PKBDS5610PXTE,,,,,,,differential_expression,
PKBDS5627ZHHS,,,,,,,differential_expression,
PKBDS5656CIMO,,,,,,,differential_expression,
PKBDS5700ITMA,,,,,,,differential_expression,
PKBDS5740WQAX,,,,,,,differential_expression,
PKBDS5746PGKI,,,,,,,differential_expression,
PKBDS5780HFOA,,,,,,,differential_expression,
PKBDS5788ZNLG,,,,,,,differential_expression,
PKBDS5791UMIU,,,,,,,differential_expression,
PKBDS5796BKEJ,,,,,,,differential_expression,
PKBDS5822PVMI,,,,,,,differential_expression,
PKBDS5837EOGU,,,,,,,differential_expression,
PKBDS5848BQMG,,,,,,,differential_expression,
PKBDS5879AJOF,,,,,,,differential_expression,
PKBDS5932IQVD,,,,,,,differential_expression,
PKBDS5947GXMJ,,,,,,,differential_expression,
PKBDS6030OHMW,,,,,,,differential_expression,
PKBDS6078JFOG,,,,,,,differential_expression,
PKBDS6123PDFB,,,,,,,differential_expression,
PKBDS6132CAAZ,,,,,,,differential_expression,
PKBDS6188DWZL,,,,,,,differential_expression,
PKBDS6272WYYC,,,,,,,differential_expression,
PKBDS6283MPXE,,,,,,,differential_expression,
PKBDS6300THSG,,,,,,,differential_expression,
PKBDS6307TWKC,,,,,,,differential_expression,
PKBDS6339FBWD,,,,,,,differential_expression,
PKBDS6341FPIW,,,,,,,differential_expression,
PKBDS6344FHQZ,,,,,,,differential_expression,
PKBDS6347PSUM,,,,,,,differential_expression,
PKBDS6434CDVQ,,,,,,,differential_expression,
PKBDS6440YPTD,,,,,,,differential_expression,
PKBDS6451DDSL,,,,,,,differential_expression,
PKBDS6487HEBM,,,,,,,differential_expression,
PKBDS6534QUZY,,,,,,,differential_expression,
PKBDS6546QXNN,,,,,,,differential_expression,
PKBDS6560JIIY,,,,,,,differential_expression,
PKBDS6579ZKRR,,,,,,,differential_expression,
PKBDS6589GOFF,,,,,,,differential_expression,
PKBDS6606YXYN,,,,,,,differential_expression,
PKBDS6610NSWK,PKBDS1349YHGQ,,,,,,differential_expression,
PKBDS6627OAMU,,,,,,,differential_expression,
PKBDS6646VEMO,,,,,,,differential_expression,
PKBDS6648VOUI,,,,,,,differential_expression,
PKBDS6664CMZY,,,,,,,differential_expression,
PKBDS6668USVQ,,,,,,,differential_expression,
PKBDS6678BOQI,,,,,,,differential_expression,
PKBDS6688DIVQ,,,,,,,differential_expression,
PKBDS6726RCTE,,,,,,,differential_expression,
PKBDS6770JDLT,,,,,,,differential_expression,
PKBDS6784ZAZL,,,,,,,differential_expression,
PKBDS6800VYGY,,,,,,,differential_expression,
PKBDS6816MVOV,,,,,,,differential_expression,
PKBDS6817LJDB,,,,,,,differential_expression,
PKBDS6822XXXG,,,,,,,differential_expression,
PKBDS6926MBQV,,,,,,,differential_expression,
PKBDS6961LIXT,,,,,,,differential_expression,
PKBDS6971EGSW,,,,,,,differential_expression,
PKBDS7003LZNL,,,,,,,differential_expression,
PKBDS7024XAXD,,,,,,,differential_expression,
PKBDS7043WBVS,,,,,,,differential_expression,
PKBDS7105PJUD,,,,,,,differential_expression,
PKBDS7173QEHP,,,,,,,differential_expression,
PKBDS7218NFOB,,,,,,,differential_expression,
PKBDS7238AVQR,,,,,,,differential_expression,
PKBDS7284BTJV,,,,,,,differential_expression,
PKBDS7331NQZI,,,,,,,differential_expression,
PKBDS7337SOCX,,,,,,,differential_expression,
PKBDS7342FZWU,,,,,,,differential_expression,
PKBDS7346BVHR,,,,,,,differential_expression,
PKBDS7369WERJ,,,,,,,differential_expression,
PKBDS7389TPXW,,,,,,,differential_expression,
PKBDS7410IQTX,,,,,,,differential_expression,
PKBDS7523UXIK,,,,,,,differential_expression,
PKBDS7524VWGH,,,,,,,differential_expression,
PKBDS7535UYTZ,,,,,,,differential_expression,
PKBDS7566YTJL,,,,,,,differential_expression,
PKBDS7614OWAH,,,,,,,differential_expression,
PKBDS7618BKFN,,,,,,,differential_expression,
PKBDS7623KQJY,,,,,,,differential_expression,
PKBDS7658AICJ,,,,,,,differential_expression,
PKBDS7689QFBO,,,,,,,differential_expression,
PKBDS7707ZDUB,,,,,,,differential_expression,
PKBDS7751DDUX,,,,,,,differential_expression,
PKBDS7796NJOX,,,,,,,differential_expression,
PKBDS7805NMLK,,,,,,,differential_expression,
PKBDS7884HQED,,,,,,,differential_expression,
PKBDS7902DQVA,,,,,,,differential_expression,
PKBDS7907MXHB,,,,,,,differential_expression,
PKBDS7931AGQJ,,,,,,,differential_expression,
PKBDS7937VZQI,,,,,,,differential_expression,
PKBDS7955UPBF,,,,,,,differential_expression,
PKBDS7973XWHS,,,,,,,differential_expression,
PKBDS8105RYCT,,,,,,,differential_expression,
PKBDS8115XAQM,,,,,,,differential_expression,
PKBDS8130ANOZ,,,,,,,differential_expression,
PKBDS8149NVSF,,,,,,,differential_expression,
PKBDS8159PCCR,,,,,,,differential_expression,
PKBDS8166FUVH,,,,,,,differential_expression,
PKBDS8196IBGB,,,,,,,differential_expression,
PKBDS8198WTYL,,,,,,,differential_expression,
PKBDS8205SPDC,,,,,,,differential_expression,
PKBDS8206CRLT,,,,,,,differential_expression,
PKBDS8306PTFU,,,,,,,differential_expression,
PKBDS8306ZKLD,,,,,,,differential_expression,
PKBDS8324NOLO,,,,,,,differential_expression,
PKBDS8333ORXH,,,,,,,differential_expression,
PKBDS8347SZLI,,,,,,,differential_expression,
PKBDS8405CQYG,,,,,,,differential_expression,
PKBDS8411TUMG,,,,,,,differential_expression,
PKBDS8445UYTR,,,,,,,differential_expression,
PKBDS8450WAPL,,,,,,,differential_expression,
PKBDS8462QJJK,,,,,,,differential_expression,
PKBDS8470TRNQ,,,,,,,differential_expression,
PKBDS8488AZGB,,,,,,,differential_expression,
PKBDS8497JAAX,PKBDS1349YHGQ,,,,,,differential_expression,
PKBDS8568OJJY,,,,,,,differential_expression,
PKBDS8574UIBC,,,,,,,differential_expression,
PKBDS8602OJFS,,,,,,,differential_expression,
PKBDS8693FOHU,,,,,,,differential_expression,
PKBDS8736AXCH,,,,,,,differential_expression,
PKBDS8744BAJB,,,,,,,differential_expression,
PKBDS8773PETL,,,,,,,differential_expression,
PKBDS8841JOLG,,,,,,,differential_expression,
PKBDS8923JOVI,,,,,,,differential_expression,
PKBDS8926RETI,,,,,,,differential_expression,
PKBDS8953YHKX,,,,,,,differential_expression,
PKBDS8980IZYW,,,,,,,differential_expression,
PKBDS9035JKMV,,,,,,,differential_expression,
PKBDS9075WFYB,,,,,,,differential_expression,
PKBDS9087XNXB,,,,,,,differential_expression,
PKBDS9122VSRW,,,,,,,differential_expression,
PKBDS9126WTVA,,,,,,,differential_expression,
PKBDS9156DAJH,,,,,,,differential_expression,
PKBDS9160CWZO,,,,,,,differential_expression,
PKBDS9160ZARV,,,,,,,differential_expression,
PKBDS9251WWKU,,,,,,,differential_expression,
PKBDS9321HOBP,,,,,,,differential_expression,
PKBDS9326JZJC,,,,,,,differential_expression,
PKBDS9343POSP,PKBDS1349YHGQ,,,,,,differential_expression,
PKBDS9366YEVA,,,,,,,differential_expression,
PKBDS9386UNKT,,,,,,,differential_expression,
PKBDS9395CJWT,,,,,,,differential_expression,
PKBDS9413DJYC,,,,,,,differential_expression,
PKBDS9425PMIM,,,,,,,differential_expression,
PKBDS9450EBQC,,,,,,,differential_expression,
PKBDS9466DCOD,,,,,,,differential_expression,
PKBDS9487AZYB,,,,,,,differential_expression,
PKBDS9487EPGN,,,,,,,differential_expression,
PKBDS9503OPJZ,,,,,,,differential_expression,
PKBDS9510DDYC,,,,,,,differential_expression,
PKBDS9537YOKG,,,,,,,differential_expression,
PKBDS9601CGFB,,,,,,,differential_expression,
PKBDS9648OCZQ,,,,,,,differential_expression,
PKBDS9671TLOS,,,,,,,differential_expression,
PKBDS9685IEOW,,,,,,,differential_expression,
PKBDS9691VGPA,,,,,,,differential_expression,
PKBDS9710GMZR,,,,,,,differential_expression,
PKBDS9760BVRX,,,,,,,differential_expression,
PKBDS9784MPLW,,,,,,,differential_expression,
PKBDS9799YBYA,,,,,,,differential_expression,
PKBDS9821EWGJ,,,,,,,differential_expression,
PKBDS9832JFQB,,,,,,,differential_expression,
PKBDS9885ZUJK,,,,,,,differential_expression,
PKBDS9889HTSJ,,,,,,,differential_expression,
PKBDS9898MKQX,,,,,,,differential_expression,
PKBDS9993TDAQ,,,,,,,differential_expression,
